Use salesdb;

-- Create ProductDetail table--
CREATE TABLE ProductDetail (
    OrderID INT,
    CustomerName VARCHAR(100),
    Products VARCHAR(255)
);

INSERT INTO ProductDetail (OrderID, CustomerName, Products)
VALUES
(101, 'John Doe', 'Laptop, Mouse'),
(102, 'Jane Smith', 'Tablet, Keyboard, Mouse'),
(103, 'Emily Clark', 'Phone');


DROP TABLE productdetail;

-----Achieving 1NF -------------

NOW,
Use salesdb;

-- Insert data with single product per row
INSERT INTO ProductDetail (OrderID, CustomerName, Product) VALUES
(101, 'John Doe', 'Laptop'),
(101, 'John Doe', 'Mouse'),
(102, 'Jane Smith', 'Tablet'),
(102, 'Jane Smith', 'Keyboard'),
(102, 'Jane Smith', 'Mouse'),
(103, 'Emily Clark', 'Phone');

SELECT * FROM ProductDetail;




# Part two

CREATE TABLE OrderDetails (
    OrderID INT,
    CustomerName VARCHAR(100),
    Product VARCHAR(100),
    Quantity INT
);

INSERT INTO OrderDetails (OrderID, CustomerName, Product, Quantity)
VALUES
(101, 'John Doe', 'Laptop', 2),
(101, 'John Doe', 'Mouse', 1),
(102, 'Jane Smith', 'Tablet', 3),
(102, 'Jane Smith', 'Keyboard', 1),
(102, 'Jane Smith', 'Mouse', 2),
(103, 'Emily Clark', 'Phone', 1);


SELECT * FROM OrderDetails;


DROP TABLE IF EXISTS OrderDetails;


-- Create 2NF tables
CREATE TABLE Orders (
    OrderID INT PRIMARY KEY,
    CustomerName VARCHAR(100)
);

CREATE TABLE OrderItems (
    OrderID INT,
    Product VARCHAR(100),
    Quantity INT,
    PRIMARY KEY (OrderID, Product),
    FOREIGN KEY (OrderID) REFERENCES Orders(OrderID)
);

-- Insert data into Orders
INSERT INTO Orders (OrderID, CustomerName) VALUES
(101, 'John Doe'),
(102, 'Jane Smith'),
(103, 'Emily Clark');

-- Insert data into OrderItems
INSERT INTO OrderItems (OrderID, Product, Quantity) VALUES
(101, 'Laptop', 2),
(101, 'Mouse', 1),
(102, 'Tablet', 3),
(102, 'Keyboard', 1),
(102, 'Mouse', 2),
(103, 'Phone', 1);

